{"cameraMode":{"drawMode":0,"name":"Shaded","section":"Shading Mode"},"sceneLighting":false,"audioPlay":false,"sceneViewState":{"showFog":true,"showMaterialUpdate":false,"showSkybox":false,"showFlares":true,"showImageEffects":true,"showParticleSystems":true},"in2DMode":false,"pivot":{"x":2.486692190170288,"y":0.3967708945274353,"z":-2.4196300506591799},"rotation":{"x":-0.2815938889980316,"y":-0.35168811678886416,"z":0.11182605475187302,"w":-0.8857772946357727},"size":1.1367993354797364,"orthographic":false}