{"cameraMode":{"drawMode":0,"name":"Shaded","section":"Shading Mode"},"sceneLighting":true,"audioPlay":false,"sceneViewState":{"showFog":true,"showMaterialUpdate":false,"showSkybox":true,"showFlares":true,"showImageEffects":true,"showParticleSystems":true},"in2DMode":false,"pivot":{"x":15.22726821899414,"y":2.3046364784240724,"z":-13.925718307495118},"rotation":{"x":-0.030518440529704095,"y":-0.8405913710594177,"z":0.053839441388845447,"w":-0.5388365387916565},"size":12.334254264831543,"orthographic":false}